,MSE_all,MSE_h11,MSE_h21,MSE_h31,MSE_h22,MAE_all,MAE_h11,MAE_h21,MAE_h31,MAE_h22,R2_all,r2_h11,r2_h21,r2_h31,r2_h22
CNN-LSTM-400,1.0353324,0.004784601,0.036252555,0.23761064,3.8626819,0.12015789,0.0032020023,0.023665372,0.07020482,0.38355938,0.9965008881793375,0.9991829735067923,0.9896770997575502,0.9987270227896935,0.9984164566633139
LSTM-424,0.7584283,0.0024659098,0.03385105,0.17783993,2.8195562,0.10787435,0.0020426565,0.021907952,0.058813788,0.348733,0.9969577946069603,0.9995789171150391,0.9903609263979766,0.9990472388661399,0.9988440960486861
LSTM-448,0.67641836,0.0026499329,0.029581716,0.15651166,2.51693,0.093957596,0.0018034265,0.016920926,0.053477116,0.30362892,0.9973134437135651,0.9995474930191465,0.9915766182031788,0.9991615031618916,0.9989681604700437
LSTM-448-f1,1.5886209,0.003248008,0.032995343,0.3701625,5.9480777,0.12064555,0.0023830994,0.020813014,0.07140097,0.38798514,0.9964070926500309,0.9994453647074956,0.9906045887641054,0.9980168884305054,0.9975615286980176
Ens-80-1,0.52908486,0.0015181907,0.020767009,0.12226496,1.9717892,0.080753945,0.001297363,0.013847739,0.043539867,0.2643308,0.9980909941698166,0.9997407512088861,0.9940866025768506,0.9993449767204712,0.999191646173059
Ens-80-2,0.5801927,0.001950645,0.022441618,0.13147531,2.1649032,0.08529011,0.0015825988,0.014657441,0.046916693,0.27800372,0.9979211932285323,0.9996669045835385,0.9936097579463617,0.9992956330793809,0.9991124773048482
Ens-80-3,0.49947783,0.001481386,0.018457519,0.11348706,1.8644854,0.077025175,0.0012789606,0.012844813,0.041423604,0.2525533,0.9982797262350018,0.9997470360280646,0.9947442289628543,0.9993920035272645,0.9992356364218237
Ens-80-4,0.57357705,0.0012329549,0.016681695,0.13254264,2.1438508,0.07501242,0.0011041387,0.011455439,0.040733516,0.2467566,0.9983625938097942,0.9997894585575196,0.9952498938732078,0.9992899149351586,0.9991211078732904
Ens-80-5,0.6054015,0.0013249664,0.018199885,0.1401244,2.261957,0.077747464,0.0011961502,0.012587181,0.04268416,0.25452235,0.9982283304388773,0.9997737465095733,0.9948175896752371,0.9992492963934418,0.9990726891772568
